{
	"modPluginName": "ClannerAI",
	"displayName": "Clanner AI",
	"version": "1.4",
	"description": "Updates Clanner AI behavior to be more useful.",
	"author": "kregano",
	"authorURL": "",
	"gameVersion": "1.16.0",
	"steamModVisibility": "Public",
	"packageData":
	{
		"buildNumber": 30,
		"steamPublishedFileId": 3652910737,
		"steamLastSubmittedBuildNumber": 30,
		"cachedSteamModVisibility": "Public"
	},
	"dependencies":
	{
		"strictDependencies": [],
		"dlcDependencies": [
			"DLC00_0",
			"DLC00_1",
			"DLC01_0",
			"DLC02_0"
		]
	}
}