{
	"modPluginName": "ClannerAI",
	"displayName": "Clanner AI",
	"version": "1.0",
	"description": "Updates Clanner AI behavior to be more useful.",
	"author": "kregano",
	"authorURL": "",
	"gameVersion": "1.0.13",
	"steamModVisibility": "Private",
	"packageData":
	{
		"buildNumber": 7,
		"steamPublishedFileId": 0,
		"steamLastSubmittedBuildNumber": 0,
		"cachedSteamModVisibility": "Private"
	},
	"dependencies":
	{
		"strictDependencies": [],
		"dlcDependencies": [
			"DLC00_0",
			"DLC00_1",
			"DLC01_0"
		]
	}
}