ChunkID, Package Name, Class Type, Hard or Soft Chunk, File Size, Other Chunks
0,/ClannerAI/Game/AI/BTDecorator_CheckEnemyHealth,/Script/Engine.Blueprint,,4790,None
0,/ClannerAI/Game/AI/BTDecorator_CheckEnemyHealth,/Script/Engine.BlueprintGeneratedClass,,4790,None
0,/ClannerAI/Game/AI/BTDecorator_SortByMechClass,/Script/Engine.Blueprint,,11206,None
0,/ClannerAI/Game/AI/BTDecorator_SortByMechClass,/Script/Engine.BlueprintGeneratedClass,,11206,None
0,/ClannerAI/Game/AI/BTService_CheckForHit,/Script/Engine.Blueprint,,7007,None
0,/ClannerAI/Game/AI/BTService_CheckForHit,/Script/Engine.BlueprintGeneratedClass,,7007,None
0,/ClannerAI/Game/AI/BTService_PickCombatTactic_RangeBased,/Script/Engine.Blueprint,,8489,None
0,/ClannerAI/Game/AI/BTService_PickCombatTactic_RangeBased,/Script/Engine.BlueprintGeneratedClass,,8489,None
0,/ClannerAI/Game/AI/Mech/AI-Accuracy-Tuned,/Script/Engine.CurveFloat,,871,None
0,/ClannerAI/Game/AI/Mech/Behaviours/Combat/BTTask_MechClassPriority,/Script/Engine.Blueprint,,7578,None
0,/ClannerAI/Game/AI/Mech/Behaviours/Combat/BTTask_MechClassPriority,/Script/Engine.BlueprintGeneratedClass,,7578,None
0,/ClannerAI/Game/AI/Mech/Behaviours/Combat/BTTask_MechFireStrafe,/Script/Engine.Blueprint,,4498,None
0,/ClannerAI/Game/AI/Mech/Behaviours/Combat/BTTask_MechFireStrafe,/Script/Engine.BlueprintGeneratedClass,,4498,None
0,/ClannerAI/ModOverride/DLC01_0/KelAI/Behaviors/BT_ClanElemental_LegacyCombat,/Script/AIModule.BehaviorTree,,8257,None
0,/ClannerAI/ModOverride/DLC01_0/KelAI/ClanElementalBehaviorConfig,/Script/MechWarrior.MWAIBehaviourConfigAsset,,2030,None
0,/ClannerAI/ModOverride/DLC01_0/KelAI/PlayerSquadElementalBehaviorConfig,/Script/MechWarrior.MWAIBehaviourConfigAsset,,1983,None
0,/ClannerAI/ModOverride/Game/AI/_common/MWUnitBlackboard,/Script/AIModule.BlackboardData,,11069,None
0,/ClannerAI/ModOverride/Game/AI/Mech/Behaviors/BT_AllyMechMasterTree,/Script/AIModule.BehaviorTree,,11019,None
0,/ClannerAI/ModOverride/Game/AI/Mech/Behaviors/Follow/BT_AllyMechFightWhileFollowing,/Script/AIModule.BehaviorTree,,2936,None
0,/ClannerAI/ModOverride/Game/AI/Mech/Configs/LanceMateBehaviorConfig,/Script/MechWarrior.MWAIBehaviourConfigAsset,,1935,None
0,/ClannerAI/ModOverride/Game/KelAI/KelMechAIController,/Script/Engine.Blueprint,,14399,None
0,/ClannerAI/ModOverride/Game/KelAI/KelMechAIController,/Script/Engine.BlueprintGeneratedClass,,14399,None
