ChunkID, Package Name, Class Type, Hard or Soft Chunk, File Size, Other Chunks
0,/ClannerAI/Game/AI/Decorators/BTDecorator_CheckEnemyHealth,/Script/Engine.Blueprint,,4812,None
0,/ClannerAI/Game/AI/Decorators/BTDecorator_CheckEnemyHealth,/Script/Engine.BlueprintGeneratedClass,,4812,None
0,/ClannerAI/Game/AI/Decorators/BTDecorator_SortByMechClass,/Script/Engine.Blueprint,,11228,None
0,/ClannerAI/Game/AI/Decorators/BTDecorator_SortByMechClass,/Script/Engine.BlueprintGeneratedClass,,11228,None
0,/ClannerAI/Game/AI/Mech/AI-Accuracy-Tuned,/Script/Engine.CurveFloat,,871,None
0,/ClannerAI/Game/AI/Services/BTService_CheckForHit,/Script/Engine.Blueprint,,7025,None
0,/ClannerAI/Game/AI/Services/BTService_CheckForHit,/Script/Engine.BlueprintGeneratedClass,,7025,None
0,/ClannerAI/Game/AI/Services/BTService_PickCombatTactic_RangeBased,/Script/Engine.Blueprint,,8507,None
0,/ClannerAI/Game/AI/Services/BTService_PickCombatTactic_RangeBased,/Script/Engine.BlueprintGeneratedClass,,8507,None
0,/ClannerAI/Game/AI/Tasks/BTTask_MechClassPriority,/Script/Engine.Blueprint,,7544,None
0,/ClannerAI/Game/AI/Tasks/BTTask_MechClassPriority,/Script/Engine.BlueprintGeneratedClass,,7544,None
0,/ClannerAI/Game/AI/Tasks/BTTask_MechFireStrafe,/Script/Engine.Blueprint,,4464,None
0,/ClannerAI/Game/AI/Tasks/BTTask_MechFireStrafe,/Script/Engine.BlueprintGeneratedClass,,4464,None
0,/ClannerAI/Game/AI/Tasks/BTTask_Range_MechFireAtCombatTarget,/Script/Engine.Blueprint,,6438,None
0,/ClannerAI/Game/AI/Tasks/BTTask_Range_MechFireAtCombatTarget,/Script/Engine.BlueprintGeneratedClass,,6438,None
0,/ClannerAI/ModOverride/DLC01_0/KelAI/Behaviors/BT_ClanElemental_LegacyCombat,/Script/AIModule.BehaviorTree,,7874,None
0,/ClannerAI/ModOverride/DLC01_0/KelAI/PlayerSquadElementalBehaviorConfig,/Script/MechWarrior.MWAIBehaviourConfigAsset,,1983,None
0,/ClannerAI/ModOverride/Game/AI/_common/MWUnitBlackboard,/Script/AIModule.BlackboardData,,11069,None
0,/ClannerAI/ModOverride/Game/AI/Mech/Behaviors/BT_AllyMechMasterTree,/Script/AIModule.BehaviorTree,,8517,None
0,/ClannerAI/ModOverride/Game/AI/Mech/Behaviors/Combat/EQS_RangedCircle,/Script/AIModule.EnvQuery,,7756,None
0,/ClannerAI/ModOverride/Game/AI/Mech/Behaviors/Follow/BT_AllyMechFightWhileFollowing,/Script/AIModule.BehaviorTree,,2497,None
0,/ClannerAI/ModOverride/Game/AI/Mech/Configs/LanceMateBehaviorConfig,/Script/MechWarrior.MWAIBehaviourConfigAsset,,1935,None
0,/ClannerAI/ModOverride/Game/KelAI/KelMechAIController,/Script/Engine.Blueprint,,14399,None
0,/ClannerAI/ModOverride/Game/KelAI/KelMechAIController,/Script/Engine.BlueprintGeneratedClass,,14399,None
